{"cameraMode":{"drawMode":0,"name":"Shaded","section":"Shading Mode"},"sceneLighting":true,"audioPlay":false,"sceneViewState":{"m_AlwaysRefresh":false,"showFog":true,"showSkybox":true,"showFlares":true,"showImageEffects":true,"showParticleSystems":true,"showVisualEffectGraphs":true,"m_FxEnabled":true},"in2DMode":false,"pivot":{"x":2.1026248931884767,"y":1.4560692310333253,"z":1.5193850994110108},"rotation":{"x":0.09575685858726502,"y":-0.849395215511322,"z":0.16541121900081635,"w":0.4919675290584564},"size":0.019283514469861985,"orthographic":false}